question,document,total_count
What is a blockchain?,ccb39dc7,4
How is a blockchain different from traditional databases?,ccb39dc7,8
Can you explain what smart contracts are in the context of a blockchain?,ccb39dc7,13
What are some of the additional functions that blockchains can execute besides transaction settlements?,ccb39dc7,14
How did the Bitcoin blockchain contribute to blockchain technology?,ccb39dc7,9
What is blockchain software?,667d9237,4
What was the first blockchain software?,667d9237,6
Is Bitcoin's blockchain software open source?,667d9237,6
Does Ethereum have its own blockchain software?,667d9237,7
Are all blockchain software efforts publicly available?,667d9237,7
What does a blockchain system encompass?,e3753a49,6
Who are some experts that mention the variety of blockchains?,e3753a49,10
What can help us understand the characteristics of a blockchain?,e3753a49,10
What are some qualifiers that describe blockchains?,e3753a49,7
What are the different aspects that are part of a blockchain system?,e3753a49,12
How are digital transactions grouped in a blockchain network?,cb10bf88,9
What role do nodes play in a blockchain network?,cb10bf88,9
"Who are miners, and what do they do?",cb10bf88,8
How is a block of transactions connected to the previous one?,cb10bf88,11
What is a hash function in the context of blockchain?,cb10bf88,10
What differentiates blockchain applications from conventional software applications?,e0db44d0,8
How does a decentralized architecture benefit blockchain applications?,e0db44d0,8
What are cryptoeconomic systems in the context of blockchain applications?,e0db44d0,10
Can you give examples of blockchain applications currently used on the Ethereum ecosystem?,e0db44d0,13
What roles do tokenizing assets and new network incentives play in blockchain applications?,e0db44d0,13
What advantages does blockchain provide?,8d819432,5
How does blockchain benefit organizations?,8d819432,5
Why is blockchain considered secure?,8d819432,5
How does blockchain facilitate data sharing?,8d819432,6
What incentivization mechanisms are built into blockchain?,8d819432,7
What makes blockchain a disruptive technology?,11c0cfe7,6
How does blockchain safeguard personal information?,11c0cfe7,6
Why is blockchain called the Trust Machine?,11c0cfe7,7
What impact does blockchain have on intermediaries?,11c0cfe7,7
How does blockchain affect the global economy?,11c0cfe7,7
What does DeFi stand for and what does it refer to?,caf8ea07,11
"Can anyone participate in DeFi applications, and what makes this possible?",caf8ea07,11
What elements define a DeFi application?,caf8ea07,6
How has DeFi impacted the financial system?,caf8ea07,7
What is the purpose of DeFi Score?,caf8ea07,7
What does the term 'block' refer to in blockchain technology?,83f912dd,10
How is a new block added to an existing blockchain?,83f912dd,10
What ensures that only one block can exist at a given chain height?,83f912dd,13
How does the network validate a new block of transactions?,83f912dd,10
What are some methods used to add new blocks to a blockchain?,83f912dd,12
What is block time in cryptocurrency?,04090abf,6
How long does it take to add a new block on Ethereum?,04090abf,12
Can the time to add a block vary on different blockchains?,04090abf,11
Is a blockchain a linear construct?,04090abf,6
Why is linearity important in blockchain validation?,04090abf,7
What is distributed ledger technology?,057dc44a,5
How does distributed ledger technology maintain a digital record?,057dc44a,9
How does blockchain technology enhance a distributed ledger?,057dc44a,8
What functions does blockchain technology add to a distributed ledger?,057dc44a,10
Why is blockchain technology important for security and trust?,057dc44a,9
What keys do a blockchain wallet contain?,bcd99661,7
How can cryptocurrency be transferred to your address?,bcd99661,8
Where is the safest place to store digital assets?,bcd99661,9
What is the purpose of a private key in a blockchain wallet?,bcd99661,12
What additional features often accompany a blockchain wallet?,bcd99661,8
What distinguishes blockchain programming from other Internet ventures?,e32e256b,8
What has caused the demand for blockchain programmers to grow recently?,e32e256b,11
How long does it take to become a blockchain expert through Consensys Academy?,e32e256b,13
Who teaches the Consensys Academy’s Developer Program?,e32e256b,7
Which blockchain development does the Consensys Academy focus on?,e32e256b,9
What defines a blockchain company?,7d5858ff,5
Which report ranks blockchain-based decentralized applications?,7d5858ff,6
Who released a report on top blockchain companies?,7d5858ff,8
What kind of companies are considered blockchain companies?,7d5858ff,8
How does State of the Dapps rank applications?,7d5858ff,8
What is the full form of zk-SNARK?,4c6c08e5,7
How do zk-SNARKs help in verifying transactions?,4c6c08e5,7
Can zk-SNARKs keep transaction data private?,4c6c08e5,6
Do users need to interact to verify transactions with zk-SNARKs?,4c6c08e5,10
Where can I find a technical walkthrough of zk-SNARKs?,4c6c08e5,9
What is the role of nodes in the Ethereum network?,a4e48bdd,10
What is the Ethereum Virtual Machine (EVM) and what does it do?,a4e48bdd,12
How do smart contracts operate within the Ethereum ecosystem?,a4e48bdd,9
Which programming languages can be used to develop on Ethereum?,a4e48bdd,10
How does Ethereum handle transaction verification?,a4e48bdd,6
What constitutes a block in the Ethereum blockchain?,241bbd9a,8
How does Ethereum currently verify transactions?,241bbd9a,6
Can you define a 'block' in the context of Ethereum?,241bbd9a,10
What is a block and how is it verified on Ethereum?,241bbd9a,11
What algorithm does Ethereum use to verify blocks of transactions?,241bbd9a,10
What is a smart contract in the context of Ethereum?,e97d2b65,10
How does Ethereum use smart contracts in banking and finance?,e97d2b65,10
In which ways can smart contracts be utilized in supply chain management on Ethereum?,e97d2b65,14
What potential applications do Ethereum-based smart contracts have?,e97d2b65,8
Can smart contracts on Ethereum support different industries?,e97d2b65,8
What is the function of an Ethereum client?,a497c8e2,8
Can Ethereum clients interact with each other?,a497c8e2,7
Which companies developed some of the popular Ethereum clients?,a497c8e2,9
What features does Hyperledger Besu offer?,a497c8e2,6
What additional support does PegaSys Plus provide over Hyperledger Besu?,a497c8e2,10
What kind of project is Ethereum?,320c4aa2,6
Is Ethereum owned by a single entity?,320c4aa2,7
How can developers contribute to Ethereum?,320c4aa2,6
What is MolochDAO's role in Ethereum?,320c4aa2,6
What does Gitcoin do for Ethereum?,320c4aa2,6
What is Ethereum’s native token?,d184e510,5
How are miners compensated for their work on the Ethereum blockchain?,d184e510,11
What is gas within the context of Ethereum?,d184e510,8
How is the value of gas expressed?,d184e510,7
What is the symbol for ether?,d184e510,6
What are cryptocurrency addresses used for?,c70131d0,6
What is an Ethereum address?,c70131d0,5
Why do miners need an etherbase?,c70131d0,6
Where can I find a guide on storing Ethereum assets?,c70131d0,10
What should I know about seed phrases and security for digital assets?,c70131d0,12
What factors influence Ethereum confirmation times?,86649307,6
Where can I check the average wait times for Ethereum transfers?,86649307,11
Does the amount of gas I pay affect the transfer time of Ether?,86649307,13
Are Ethereum confirmation times consistent?,86649307,5
How can I optimize the transfer speed of Ether?,86649307,9
What is the Ethereum gas limit?,d1cb650b,6
Why are gas limits crucial in Ethereum transactions?,d1cb650b,8
What happens if an Ethereum gas limit is too low?,d1cb650b,10
How do gas limits protect users and miners in Ethereum?,d1cb650b,10
Why do different transactions require varying gas limits in Ethereum?,d1cb650b,10
What languages can you use to write Ethereum smart contracts?,f25d123f,10
Which programming languages are used for Ethereum's development?,f25d123f,8
"On which virtual machine do Solidity, Serpent, and other languages operate?",f25d123f,11
What high-level languages target the Ethereum Virtual Machine?,f25d123f,8
Is Python used in developing the Ethereum protocol?,f25d123f,8
What applications are common for Ethereum?,3c0fedb9,6
How do global enterprises benefit from Ethereum?,3c0fedb9,7
Why are developers attracted to Ethereum?,3c0fedb9,6
How is Ethereum used for payment settlement?,3c0fedb9,7
What makes Ethereum a preferred blockchain for business solutions?,3c0fedb9,9
How do Bitcoin and Ethereum differ in their core principles?,284aafbf,10
What unique feature does Ethereum offer compared to Bitcoin?,284aafbf,9
In what programming languages are Bitcoin and Ethereum written?,284aafbf,9
What differences exist between the block times and hashing algorithms of Bitcoin and Ethereum?,284aafbf,14
Why do Ethereum's developers want to transition to a Proof of Stake system?,284aafbf,13
Is Bitcoin or Ethereum a better investment?,481acdd9,7
What unique features do Bitcoin and Ethereum offer?,481acdd9,8
How does Ethereum differ from Bitcoin in terms of applications?,481acdd9,10
What sectors benefit from Ethereum's smart contracts?,481acdd9,7
Why is Ethereum's architecture considered suitable for a universal root chain?,481acdd9,11
What was the purpose of the Byzantium update in Ethereum?,faba0305,10
When did the Byzantium update take place within Ethereum?,faba0305,9
How many EIPs were included in the Byzantium upgrade?,faba0305,9
What were the key improvements brought by the Byzantium update?,faba0305,10
What significant event followed the Byzantium update in Ethereum?,faba0305,9
What is the consensus algorithm currently used by the Ethereum blockchain?,6343b601,11
Why is Ethereum planning to move to a Proof of Stake (PoS) system?,6343b601,13
What issues will Proof of Stake (PoS) solve for Ethereum?,6343b601,10
Who is Vlad Zamfir in relation to Ethereum’s PoS system?,6343b601,10
How does PoS impact the risk and cost of a 51% attack?,6343b601,12
What is the final iteration in Ethereum’s evolution and its name?,c1a4f1af,11
When is the first phase of Serenity expected to roll out?,c1a4f1af,11
What type of blockchain will the Beacon Chain be?,c1a4f1af,9
What will the Beacon Chain be stood up alongside?,c1a4f1af,9
Where can one read more about the upcoming stages of Ethereum’s evolution?,c1a4f1af,12
What algorithm do Ethereum miners use?,c03ac963,6
How are miners rewarded on the Ethereum blockchain?,c03ac963,8
What plans exist to change Ethereum's consensus mechanism?,c03ac963,8
What is required in Proof of Stake for validators?,c03ac963,9
Why is the financial incentive riskier for malicious actors in PoS?,c03ac963,11
How quickly can an Ethereum block be mined?,3abb7cc3,8
What is the average time to mine a block of Ethereum?,3abb7cc3,11
How long does it typically take to mine a single Ethereum block?,3abb7cc3,12
What is the standard duration for mining an Ethereum block?,3abb7cc3,10
What is the block time for Ethereum mining?,3abb7cc3,8
What does the term hashrate mean in relation to Ethereum mining?,312dba9c,11
How much hashrate is an Ethereum miner capable of producing?,312dba9c,10
Where can I find updates on the current average hashrate for Ethereum?,312dba9c,12
"As of July 2019, what was Ethereum's average network hashrate?",312dba9c,10
What unit of measurement is used for Ethereum's hashrate?,312dba9c,9
Is it difficult to mine Ethereum currently?,145af05a,7
Why do most miners use a mining pool for Ethereum?,145af05a,10
Can I make profits consistently from solo mining Ethereum?,145af05a,9
How long does it take to find a single block when solo mining Ethereum?,145af05a,14
What is the advantage of using a mining pool for Ethereum mining?,145af05a,12
Can my GPU handle Ethereum mining?,e90e49cc,6
Is dedicated hardware needed to mine Ethereum?,e90e49cc,7
What role does GPU power play in Ethereum mining?,e90e49cc,9
Can I use a powerful computer for Ethereum mining?,e90e49cc,9
What do I need to know about my computer's capability to mine Ethereum?,e90e49cc,13
What does Ethereum difficulty mean?,3d60bdb7,5
How is the difficulty of finding a new block in Ethereum described?,3d60bdb7,12
What happens when Ethereum difficulty is higher?,3d60bdb7,7
What is the average Ethereum network difficulty as of July 2019?,3d60bdb7,11
Where can I check the Ethereum network's average difficulty?,3d60bdb7,9
What are mining pools and their significance in Ethereum mining?,e373bc19,10
Why is solo Ethereum mining considered impractical?,e373bc19,7
What role do cloud mining applications play in Ethereum mining?,e373bc19,10
Why is dedicated hardware recommended for mining Ethereum?,e373bc19,8
How do cloud mining applications differ from traditional Ethereum mining?,e373bc19,10
Is it feasible to mine Ethereum on a personal computer?,0c354bb8,10
What kind of software is required to mine Ethereum on a laptop?,0c354bb8,12
Why is it impractical to mine Ethereum using a laptop?,0c354bb8,10
Are there any products that enhance Ethereum mining efficiency?,0c354bb8,9
Do dedicated hardware devices exist for Ethereum mining?,0c354bb8,8
Is it feasible to mine Ethereum using a Mac?,dc6d4628,9
What is the effectiveness of mining Ethereum on Mac computers?,dc6d4628,10
Can I use my Mac to mine Ethereum effectively?,dc6d4628,9
Is it possible to mine Ethereum with a Mac or do I need special hardware?,dc6d4628,15
Are dedicated hardware setups necessary for mining if I have a Mac?,dc6d4628,12
What factors determine the daily Ethereum mining reward?,61ffef3f,8
How much can miners in top mining pools earn daily from Ethereum mining?,61ffef3f,13
What percentage of newly found blocks is mined by the top five mining pools?,61ffef3f,14
"Which mining pool found over 11,000 blocks in a week according to Alethio's report?",61ffef3f,14
Why is participation in a mining pool significant for Ethereum miners?,61ffef3f,11
